final_value,pnl,pnl_percent,max_drawdown_percent,total_trades,percent_profitable,profit_factor
105648.42451477051,5648.424514770508,5.648424514770508,0.9474048172433629,10,80.0,16.06603516365882
