final_value,pnl,pnl_percent,max_drawdown_percent,total_trades,percent_profitable,profit_factor
104851.77462768555,4851.774627685547,4.851774627685547,1.3888426705214572,8,75.0,9.525189406051213
